{
  "12th District": 45129.870129870134,
  "13th District": 54545.454545454544,
  "26th of July Corridor": 30256.410256410258,
  "2nd District": 43333.333333333336,
  "4th District": 41052.63157894737,
  "5th Settlement Compounds": 65909.09090909091,
  "6 October City": 17596.153846153844,
  "6 October Compounds": 42599.98425444812,
  "6th District": 60341.88034188034,
  "90 Street": 49993.75,
  "9th District": 28000.0,
  "Al Ain Al Sokhna": 58919.8717948718,
  "Al Alamein": 46368.24324324324,
  "Al Andalus District": 27404.494382022473,
  "Al Gouna": 150000.0,
  "Al Motamayez District": 66666.66666666667,
  "Al Narges": 30930.188679245282,
  "Al Rehab": 54285.71428571428,
  "Al Wahat Road": 60377.35849056604,
  "Alexandria Compounds": 60836.501901140684,
  "Almazah": 93333.33333333333,
  "Athar El Nabi": 204397.0588235294,
  "Badr City": 9726.16487455197,
  "Beverly Hills": 35714.28571428572,
  "Cairo": 51562.5,
  "Cairo Alexandria Desert Road": 60869.565217391304,
  "Cairo Gate": 100478.46889952153,
  "Dokki": 35679.34782608696,
  "El Banafseg": 35502.13675213675,
  "El Hegaz Square": 32258.064516129034,
  "El Katameya Compounds": 57844.8275862069,
  "El Lotus": 30000.0,
  "El Mariouteya": 8888.888888888889,
  "El Patio": 53546.875,
  "El Shorouk Compounds": 44303.79746835443,
  "Ext North Inves Area": 67217.63085399449,
  "Fayoum Desert road": 37204.96894409938,
  "Fifth Square": 72802.1978021978,
  "Giza": 28085.29945553539,
  "Glim": 34307.69230769231,
  "Green Belt": 31225.296442687748,
  "Hadayek El Ahram": 16000.0,
  "Hadayek October": 31428.571428571428,
  "Hay El Maadi": 28782.894736842107,
  "Hay Sharq": 28000.0,
  "Hurghada": 46725.0,
  "Hurghada Resorts": 58500.0,
  "La Vista": 75000.0,
  "Laurent": 32200.460829493088,
  "Maadi": 58935.06493506493,
  "Makadi": 80000.0,
  "Marina": 65767.03296703297,
  "Mohandessin": 34000.0,
  "Mokattam": 18183.673469387755,
  "Mostakbal City Compounds": 37889.230769230766,
  "New Alamein City": 50980.39215686275,
  "New Cairo City": 43090.90909090909,
  "New Capital City": 36991.86991869919,
  "New Capital Compounds": 48084.19133419133,
  "New Heliopolis Compounds": 65000.0,
  "New Zayed City": 61834.98475609756,
  "North Coast": 33838.196153846155,
  "North Coast Resorts": 82759.23913043478,
  "North Investors Area": 79519.30654058314,
  "Northern Expansions": 37575.757575757576,
  "Other": 31333.333333333332,
  "Porto Sokhna": 21323.529411764706,
  "Qalyubia": 21501.044776119405,
  "Qesm Ad Dabaah": 107684.80620155038,
  "Qesm Borg El Arab": 47871.42857142857,
  "Qesm Marsa Matrouh": 109579.93710691824,
  "Ras Al Hekma": 94594.5945945946,
  "Ras Sedr": 41566.66666666667,
  "Ring Road": 43125.0,
  "Safaga": 93916.66666666666,
  "Sahl Hasheesh": 78059.35251798561,
  "Sheikh Zayed City": 31117.021276595744,
  "Sheikh Zayed Compounds": 41472.17132386624,
  "Sheraton Al Matar": 65217.391304347824,
  "Shorouk City": 17251.96010607633,
  "Sidi Abdel Rahman": 115192.30769230769,
  "Sidi Heneish": 105555.55555555556,
  "Smouha": 39194.51838706497,
  "Soma Bay": 102170.84639498433,
  "South Dahshur Link": 62288.13559322034,
  "South Investors Area": 57324.84076433121,
  "The 1st Settlement": 68872.54901960783,
  "The 5th Settlement": 26751.35135135135,
  "The 6th Settlement": 65511.921458625526,
  "Touristic Zone": 28074.074074074073,
  "Uptown Cairo": 113872.12372689552,
  "Waterfront": 42045.454545454544,
  "West Somid": 25498.00796812749,
  "Zahraa El Maadi": 28863.636363636364,
  "Zamalek": 74342.85714285714,
  "Zed Towers": 71570.859419465
}